0,0.8592321856342957,-0.5417886878288265,0.31576179343789085
1,-0.3672488908364282,-0.6278871543686237,0.9733676776197091
2,-0.6321623766458111,0.01842284402009664,1.8810365390528747
3,-0.5908794428939206,0.06099536532782257,1.7988705726039467
4,0.1354500581633733,-0.43472151664947356,0.7229372474961391
5,0.1910894059585031,-0.3796769292831983,0.7151635818950501
6,0.9290290394712433,-0.3802312477402048,0.34177425217482243
7,0.30635419374314177,-0.46722222820341797,0.5917619690444459
8,0.4978132750678237,0.18686230174388574,0.5869998029283979
9,0.3071397417034707,-0.5657312550821452,0.5340896369348028
10,0.49542961854254775,-0.19523416464388443,0.5865214740946595
11,0.9226134721456427,-0.42287752100229814,0.33239246992433014
12,-0.983223404116893,-0.6523183695475314,1.7466578271634365
13,-0.7871112466045613,-0.5485729534229589,1.6260909776544408
14,-0.4025925724612369,0.977282835158997,0.5755154715960478
15,0.31282236616453996,-0.1318972942179848,0.7187661177785988
16,0.6196251050818695,0.6563785520419119,0.34977754626643387
17,0.7443518274485661,0.14502566388679172,0.4651551511615796
18,0.9292951947438604,0.30380055698082864,0.3600220594476858
19,0.4473706938399069,0.45947631225335184,0.5176327963994173
20,0.28495065579168255,-0.21743269775795282,0.7173240170433675
21,0.4349072416248274,-0.21427508686585073,0.6182755454457963
22,-0.06480198556140704,0.7191024607259737,0.6361592439199881
23,-0.3488306449212444,0.6200392224080422,0.965008863797333
24,-0.12071078823038106,0.6730877687638621,0.717246032106175
25,0.4593781654937028,-0.6240241514750833,0.4279348532074535
26,0.9880291717999239,-0.2808065051577344,0.34407987109658766
27,0.35374742354753996,-0.03603203386182319,0.7011413785707753
28,0.5816450356955771,0.9321452922154947,0.23444368211514624
29,-0.6581714844151312,0.12662636781259007,1.9005384625990274
30,-0.9463014484201289,0.655009725195955,1.6774314226102962
31,0.6007404878509215,-0.8477847801326934,0.2672743763965718
32,0.8074450764340002,0.10627588912708696,0.44098710644725686
33,-0.9506475791414695,0.09588091951243949,2.5637074370026465
34,-0.016505363108228144,0.8108871958211223,0.5267481801131951
35,0.05251033469971578,-0.26102265077428943,0.8863501893291589
36,0.19273202083876106,0.8023252838831818,0.4332424044963024
37,-0.8960849097949328,-0.7187379501343498,1.4615546074282086
38,0.7901790561078423,-0.8016525493819773,0.23863362189123527
39,0.45653236065423464,0.9463665200801843,0.25868557498161515
40,0.636700022779829,0.8840900406899701,0.24212159439731956
41,0.00044550566889656196,0.18189392047903197,0.9670250258513017
42,0.6203788176065095,-0.8960842710173376,0.24090663230681855
43,-0.8080629485108668,-0.8996966045727226,0.998609935267427
44,-0.562099912535813,-0.3507956458604524,1.5512209451183536
45,-0.48256187679377494,-0.24850047627470673,1.5231939148739349
46,-0.06378849209412962,0.5282986388026616,0.8062906773105671
47,-0.08125359479303818,0.7185316869463101,0.6472425372489812
48,0.419019560418358,0.09141654834364044,0.6522179161132221
49,-0.6438939882329238,-0.3522900336651478,1.681667264122025
50,0.06289976871926806,-0.18837026548220348,0.9063016098478883
51,-0.6645155424270286,-0.7806644536692111,1.0566236125861685
52,0.5376278368116205,-0.7254173660200798,0.3451216926818288
53,0.8563410982306454,0.4907779377547181,0.3338030660795664
54,0.21898731598700705,0.7528310810899119,0.4557814080822979
55,-0.6996330106622366,-0.4820213131712596,1.5956616284666292
56,-0.020746592612009174,0.3712033218477846,0.8895448838235128
57,-0.24531009233354872,-0.28177704895910316,1.1804689644373279
58,0.6972028239555577,-0.9879657490844735,0.18763078714013193
59,0.8221944572633453,0.5223617143637698,0.3345208003642801
60,-0.23230255768542296,-0.1719552131544979,1.2247465962014126
61,-0.36900819320775224,-0.33221605142845645,1.295168352174334
62,0.1367883055908481,-0.4439138338457611,0.7161627757184608
63,-0.6243639299512005,0.1850283177341605,1.8042201554573183
64,-0.7483169123452595,-0.3497987155411977,1.8700361663077296
65,0.37519161008898383,0.8736106820143945,0.32033523126953034
66,0.5992134358948038,-0.8080340491281386,0.2858944876748948
67,0.1470731303972863,0.7665914917764598,0.47963223507955155
68,0.9464599631989699,0.1360354658027716,0.3809963015367613
69,0.2681087542749572,-0.8761530509250586,0.3549590235032728
70,0.7768434496228536,0.7499773303970734,0.26202654967114
71,-0.009170482485071352,-0.5502944656501485,0.7455347622358534
72,-0.2967669402195756,0.5987665627777305,0.940113697278332
73,0.4284607370890412,0.6037499658239847,0.4524967227899628
74,0.007858232895830985,-0.9420909606905696,0.40844679779867743
75,-0.5487247869587211,0.2541980069526748,1.6227271506863914
76,-0.5100511195162718,0.20927852160970706,1.594011221068015
77,0.5856014000991812,-0.8435849502896229,0.27328584823479163
78,-0.009655170977261873,0.5459071254113372,0.7494921624009664
79,0.8301873467995529,-0.7133667514607476,0.2620868166395959
80,0.8907436677500356,-0.07263078434266679,0.4081914809639282
81,0.06646445931043155,-0.805778648080278,0.48882844024381134
82,-0.49501481088514665,0.13970843184533477,1.6088125575054881
83,0.4417241163496959,-0.19246608355939832,0.6195466304311334
84,-0.2651224724108454,0.17315740945271485,1.2650845829831312
85,-0.002703114177893484,0.4974127491191809,0.7829266004657347
86,-0.5468499050750883,0.7792276660630402,0.941438880182409
87,-0.2928687065079061,-0.2412196891492555,1.2645062984228639
88,0.3017035732464113,-0.41512747642533077,0.6224858418427249
89,-0.374134209389696,0.018580479947148287,1.453230450366245
90,0.5374708943386795,0.06562720079777207,0.5817131490362938
91,0.5636742067425085,-0.7891567586165282,0.3053054291458598
92,0.7048189658814501,-0.9081179930860277,0.2166445568558902
93,0.8998114803039745,0.243986298382036,0.3831453744355924
94,-0.7853541755979117,0.644889844523528,1.446969347625056
95,0.8214507119308054,-0.8898728601894932,0.1992242071788547
96,-0.3278896761750276,0.5959468906002998,0.9731052614813186
97,0.652760853629289,-0.5115101564266444,0.4007556080287704
98,0.7962012702396937,0.6070754840188921,0.31200317543865014
99,-0.9145693913273338,-0.4036498690752992,2.120466633326292
100,-0.6084100018224072,-0.06545807370249634,1.8296510075496657
101,-0.41099735608579113,0.865639315713874,0.712957071379891
102,0.253999761143858,0.8195135691494717,0.39629267946412694
103,-0.8275537897544958,-0.7401445525474304,1.3227856198708952
104,-0.7141099603755807,0.058995401906986045,2.0352720651959126
105,0.0316530384618634,0.23833155614864632,0.9153443285703118
106,0.37868265931659617,0.24923043628360042,0.643522382773084
107,0.7132516215797775,0.29361767178018017,0.4495703371084778
108,0.29472336664422216,-0.3358470542982597,0.6653004003172877
109,0.16323735106147974,-0.7715553258971595,0.468352073551736
110,0.4222319101969194,0.1422089822867898,0.6424570550473157
111,-0.49516628590695033,-0.39601704116161995,1.4026128084556344
112,0.8003193669652151,-0.612988787889464,0.3084872945636695
113,-0.1154126141874321,0.12941138373700367,1.1036968391732864
114,-0.958958350686576,0.22096530430360084,2.4846521875415397
115,0.9193220279936316,-0.9093404388422683,0.1744316923707377
116,0.30445084489545104,0.970751281240432,0.2874205240851654
117,0.026412500209347378,-0.7925459262638175,0.5196802577624658
118,0.36471276627540794,-0.18820531522643424,0.6702302245059579
119,-0.020919218741657808,0.33111816742240996,0.9151017460173041
120,0.8529803425148643,-0.6059759075656053,0.2951749218152785
121,0.03175954433730088,-0.5164390798520255,0.7419533803276668
122,-0.8556802365261376,0.24634490661362185,2.214428648034115
123,0.13501659639812713,0.5974767018988947,0.6114054193606895
124,0.23048636744748863,0.08927273409627046,0.7878433616618296
125,0.8830925889392802,-0.6048252618771752,0.28681835117321675
126,-0.16927329055799412,0.5682434822597606,0.8575915304638888
127,-0.4711200508490332,0.6286676442267929,1.078851494152304
128,-0.8052136692684428,0.42177803386561874,1.8725796260247973
129,-0.028311556243996616,0.8880854809960612,0.46748675354776864
130,-0.07067427427809392,0.7098951814464258,0.6483809339213166
131,-0.9404813660177156,0.9271526121160074,1.0842292868277161
132,0.388554923714751,-0.070721604102161,0.6746532195075152
133,0.433894224730452,-0.030009509853274885,0.647397502386055
134,0.4596228465823389,0.17293749229441935,0.6129142596932026
135,-0.1712979656209086,0.8839777540874605,0.5432863749262106
136,-0.969802310411682,-0.25543351465974995,2.470834703026619
137,0.8179503149682945,0.19648450319557154,0.42462176332402
138,0.57875743622072,0.22722460182140147,0.5323849527612166
139,-0.6696016616736469,0.12012823019155783,1.9254714945541969
140,-0.374428077347458,-0.7629643056157318,0.8124617406674443
141,0.2218906116391921,-0.19417591002063794,0.771364005415441
142,-0.27101942656228184,-0.5570022907213754,0.9615274883767518
143,-0.687922821597001,0.5765573896234004,1.426900198500723
144,-0.6453923731508964,0.5279752850955635,1.4428704124240563
145,0.7357793420940921,-0.6512439841637718,0.3135181364699866
146,-0.419810663111013,0.4477075834509219,1.2452901846919038
147,0.17035924262932278,0.8491242761838547,0.41009301505175927
148,-0.09201024818106207,-0.04813009803853241,1.0938392352148758
149,-0.1776437356549223,0.8258777806525919,0.6038494464751275
150,0.7652688903536835,-0.12515606778901045,0.45797854925246245
151,0.38541602958949794,-0.8682789456749433,0.3200351782843425
152,-0.44145328960849906,-0.27258868360466226,1.4436125671595736
153,-0.871119537629433,-0.621102248486967,1.6247460628480916
154,-0.6027527724823021,-0.7033347997001183,1.1141289980941502
155,0.8633654894059115,-0.5778387567178445,0.3020196739585194
156,0.7088271355613809,0.7591191280723384,0.2766259666523255
157,0.9094694691218503,0.6354922124940092,0.26892578725265087
158,-0.8954933035136541,0.2631273612564673,2.2847515675713708
159,0.15894336118186803,0.9105649785875118,0.37229380374781684
160,-0.03900746670174127,-0.7618994051350629,0.5818845393994289
161,-0.9565820420488715,0.20454438281077691,2.496135254422095
162,-0.2527590725312101,-0.3371507147375703,1.1492257653070412
163,-0.1718163976468816,0.6430613214449667,0.78528272603199
164,0.20781446782800872,0.31957747596225206,0.7334878609898907
165,0.343497454710475,-0.15485788489039054,0.6924782708663928
166,0.6777314008766329,0.4321658293564803,0.42126267660393757
167,0.559052416637748,-0.5694222372827691,0.413418822854863
168,-0.19859791191753762,-0.9663342449629915,0.47940766850115946
169,0.589058462779366,-0.4385387384703985,0.4577762790415183
170,0.786248620795206,0.20344217204075887,0.43708074134063796
171,-0.475020618282217,-0.07888817389725666,1.5980709958548032
172,0.9783940147562118,0.4213336182229419,0.3147690660729184
173,0.7066141980314757,-0.6706482784745318,0.3146220155047909
174,0.46295431207551396,0.8804721236707598,0.28990979020940455
175,-0.2888687505872929,0.9108967441023659,0.5822449009031418
176,0.7665789814146731,0.9614616385185841,0.18433740758196857
177,0.7359181816541707,-0.8823401530969239,0.2199308000314159
178,0.9115328916672758,0.48074029626567394,0.3189744976318186
179,-0.999785486960526,0.2013041759535681,2.6097700544344993
180,-0.9669179161620507,-0.8220933473687619,1.3378722039133026
181,-0.3718598854825119,0.9786821028300527,0.5565719797764918
182,0.9906323491854314,0.09768460459245087,0.3678152035670654
183,-0.7023115536880189,0.34893581721620026,1.787030581146902
184,-0.6652457625829913,0.4497859428254223,1.5887354228059982
185,0.5171440738358386,0.1369889119802239,0.5851365525414985
186,-0.8609406676913538,0.05497572252290417,2.3582465076150085
187,0.4109468771925411,-0.6984941079871183,0.4070411894479908
188,-0.06166943644180889,-0.5194310038062264,0.8120940411734984
189,-0.9796235677493743,-0.19483741819951073,2.5642395122731543
190,0.5496477257325241,-0.8643253937219129,0.2734309623147185
191,0.588402016720948,0.5167697994768976,0.4250905634140121
192,-0.7008610965082689,-0.3146157949169681,1.8255439512369227
193,-0.9525927364198221,0.9794776803505192,0.9932391680742652
194,0.5241275417887798,0.7771223856854526,0.32366483965009946
195,-0.5526596402133113,0.8770824767816248,0.8052407073935299
196,-0.4756512044697716,0.47820157765941906,1.2801464117806882
197,-0.08626099444901025,-0.9461063234465739,0.44536719453283996
198,-0.5001461629859636,-0.23520822727763702,1.56021440794374
199,0.13656712318149355,-0.9789472080213519,0.3345714702608693
200,0.6938859938204875,-0.8695358595706901,0.23457530680229685
201,-0.2438009259408589,0.3627853911894052,1.118722809417638
202,-0.13506976713592667,0.9733189518442371,0.4438449386229204
203,0.6652383525482228,0.332501260051854,0.46033746427118466
204,-0.2577361286116122,-0.16979396632172983,1.257224027422473
205,-0.9188934561476756,-0.9176785936808576,1.079782308750911
206,0.1093429719439738,0.7885737156625181,0.48133514855051057
207,-0.09750751437815963,0.4135739465401518,0.9291027951608911
208,0.4506019534534622,-0.042201352776289225,0.636110551502979
209,-0.24309895537080872,-0.5687750149281257,0.9227415797936582
210,0.6813249914178128,-0.8364678722760568,0.2513262224283724
211,-0.06137061283275136,0.346404408452196,0.9430599719790335
212,0.12528685802434736,0.9895583775847943,0.33137234029562723
213,0.32239867849011805,0.1870646332794843,0.699498341741031
214,-0.07551626495065733,0.680364898258329,0.6788330012008811
215,0.24727389097743302,-0.6940438833066074,0.482405224727299
216,-0.5562387376292799,0.7522831468772939,0.9903556128567562
217,0.465726233510398,0.08967119375147736,0.6226522162119061
218,-0.2366358226080083,0.9672845512835058,0.49708035764949604
219,-0.610330916458871,0.47140428183535343,1.4741903436576669
220,-0.4576744504120631,-0.8138336008297542,0.8149319391878024
221,-0.501549896074375,-0.4155519656602129,1.3893923036257303
222,-0.6957218754890668,-0.45390366555379225,1.6318157271574965
223,0.5427474084026527,-0.85766717329848,0.27849911745114625
224,-0.4891765352720463,0.3600457853767012,1.4326753460058357
225,-0.7449131899029311,-0.5505538741861644,1.5555102417039006
226,0.33033430664538765,0.10299944920579196,0.7110993023476562
227,-0.17439010264003452,0.5394846670884865,0.8898933958414761
228,0.33553553287776783,-0.5765639667097833,0.5127527388326022
229,0.31962703419598615,-0.4144229196002296,0.6117855964271721
230,-0.3892446562450005,-0.28716541669996665,1.3590428696890595
231,-0.5975515179424995,0.912734980621446,0.7901490922916033
232,-0.5559457470017481,0.32048772425943284,1.5733913190848579
233,-0.7600582733121382,0.9010248087367374,0.9495306846164766
234,-0.9257091179394721,-0.8062648175262395,1.3173816418090072
235,-0.9317368329517615,-0.4709470344468887,2.0338808641177275
236,-0.5390069041708885,-0.4557239983119832,1.3928089586041879
237,-0.5432925870690049,0.6701743472599393,1.098734355368838
238,0.2498212438496188,0.6257047750871152,0.5265927974795951
239,0.7851223709335224,-0.4125116866669809,0.38470123360159003
240,0.5594560324858846,0.29941987909288015,0.5225114944269553
241,0.44290253725614903,-0.15801072330970833,0.6263349882959457
242,-0.37911568192949474,-0.8506966506523657,0.7085255846447258
243,-0.2738331671536407,0.4776137098603468,1.0467795034727236
244,-0.6078364322714209,0.1707400853988621,1.7836900058272054
245,0.8709835960673624,-0.3106588048364327,0.38003478571740695
246,0.12346800035204075,-0.4839936433365013,0.6992703483017662
247,0.6345830737814218,-0.4163639330716904,0.4457745274866308
248,-0.3021720381059887,0.5394608358408353,1.0112164829870203
249,0.5994285256472256,-0.15136911726416002,0.5366865099417514
250,-0.7917910749453168,-0.42285632845318566,1.845930710493748
251,0.42424033025478947,-0.4716368160130824,0.5237810023462571
252,0.8348969918313196,-0.4461621296920488,0.35559684852309054
253,0.6071707372583974,0.6847120199570016,0.3409561891454166
254,-0.34577370740208435,-0.6607554255449217,0.9131783933423004
255,-0.48978564147226833,-0.4958267471960922,1.2762696387548758
256,-0.009995651285724438,0.1837504010158817,0.9765116888507643
257,-0.1727780914610666,0.9507194361804487,0.48138430602031274
258,-0.15012580941449571,-0.9917376828482118,0.4345614913625984
259,-0.8512433903104621,-0.519967757644394,1.7876053328541488
260,0.20678130257904748,0.45303220024122237,0.6623113760650073
261,0.49439946709094507,-0.4985509459697648,0.47570730810470824
262,0.5951524533216399,0.8363162722714663,0.2740136488296846
263,-0.2369989548924143,0.016303816311952435,1.2671029341550921
264,0.5943163056408189,0.005064146055508978,0.5519256403908215
265,-0.05640526077162078,0.42460773578672084,0.8834801379983181
266,0.4427983422892625,0.2795360621476488,0.593962702300818
267,-0.6215746214509952,-0.4313947162749838,1.5456943397263434
268,-0.13080858124077976,-0.980433358814079,0.43585703541231363
269,0.6469362181042837,0.1894791305350345,0.5051809692184188
270,0.6525452557302056,0.6820299648632453,0.3270277894390931
271,-0.6209490330367435,-0.02681948598156425,1.859355176298362
272,-0.9597956596946737,0.5615902732027422,1.9048666854499365
273,0.4069827721119388,-0.17493027487368518,0.6455946989014365
274,-0.3054597611621217,-0.24038887454066749,1.2810408994532272
275,-0.16099236755309287,0.7968910175003658,0.62248053125814
276,0.5361778063554374,0.7934522518729108,0.31169058987267106
277,0.9257561326085741,0.44089349806092404,0.3262330716869649
278,0.7851306138511209,-0.4302965213944534,0.37897474569299194
279,-0.7301154666519327,-0.32020166812893147,1.8730841649913075
280,0.5956094299841437,-0.42965794859527384,0.45830728917822516
281,0.3641812150807926,0.5592215824927234,0.5081848633306886
282,0.060105774242168675,-0.9908542512463523,0.3527844889225184
283,0.731963310412334,-0.8306248487870938,0.241254967130044
284,0.5064961907054566,-0.11728546951407037,0.5943707048346525
285,-0.8135948263614974,-0.49786535763589845,1.7607236899857894
286,-0.34112113593685955,0.8117451931954396,0.7277416844975437
287,-0.17527460873428802,0.7617653555067951,0.6669689084865936
288,-0.9980707844677832,0.43304075885121285,2.2491367718404067
289,0.19512712625393025,-0.5226473770528177,0.6260735598774275
290,0.36512308416507167,0.8505818565055943,0.33668329135168545
291,-0.26743847691294365,0.9392368880132431,0.540788264422048
292,-0.2070022851460438,0.1564780192830053,1.200234452300329
293,-0.049281708977374494,-0.461944745856127,0.8486476137080883
294,0.16215980108649086,-0.3981811081270772,0.7256351084432997
295,-0.7257257443784726,0.25066453326953453,1.940397863136287
296,0.9988283469280974,0.559688139775764,0.26925963991811463
297,0.014654417566381861,-0.15779324629833025,0.9612188867813565
298,-0.013866590908520271,0.31395943537582416,0.9187842629414266
299,-0.6262504899442431,-0.1527601606416058,1.827437702725737
300,-0.40782397047277663,-0.296548262483298,1.3769667854316232
301,0.5970301184318549,0.24925667376879757,0.5172861852340522
302,-0.4104434141253266,0.6229966823231212,1.0225694699923351
303,0.3942431866670548,-0.012563766130824883,0.6740836709586654
304,-0.45408154249814703,-0.893698662359681,0.7084925347491675
305,0.8250569025308148,-0.033731361772438406,0.4377117425487675
306,-0.40292153248019735,0.009268210562893398,1.49606096803082
307,0.7797195442073395,-0.1261643842811253,0.45129367104964646
308,0.8934445875294472,-0.24796855577307775,0.3848379308391978
309,-0.6621743542578014,0.5557560762757414,1.4237717866186121
310,-0.28141718853473074,-0.7998445784343591,0.6988395109937202
311,0.36435460574246714,-0.9670411315200242,0.2726617792295918
312,0.8427839401100847,0.5647520077405217,0.31294470344568337
313,-0.7101513120114316,0.706317403707752,1.2352421666712128
314,-0.8002512300836389,-0.552596490912229,1.6403150848895525
315,-0.176794446856694,0.2538451363842378,1.1189123457413048
316,0.9502507415159862,-0.8706594189586925,0.18117378588685823
317,-0.9169869182026302,-0.5221583956043485,1.9047247845750575
318,-0.6261714109750196,-0.08045392782325256,1.8583678016382459
319,0.2175359759920963,0.32536513917780163,0.7236854446040332
320,-0.8255625697537141,-0.5645967594744765,1.6599592750160266
321,-0.3674236921760936,-0.06010598190107852,1.4388022017634683
322,0.22027155301415746,0.956581969166528,0.32131908453744257
323,-0.5976105742037394,0.026107477587529404,1.8165316094433526
324,0.3837954328555959,-0.059737357013544434,0.6788439611519195
325,-0.5107460576152838,0.33228203707439885,1.4923241030746472
326,0.3607433917902785,0.04244094216266214,0.695903258050952
327,-0.02812454218024585,-0.485461784012005,0.8125737484649506
328,-0.47901037665900636,0.6483358269917863,1.0604263371267864
329,-0.43451936156664206,-0.742429737316662,0.8898676338878654
330,0.810903239654376,-0.6561124369296509,0.2889831868510201
331,-0.44831462512307474,-0.6501761500053305,1.0259157199613018
332,0.6822960850155404,-0.23611888761369104,0.47804604909906245
333,-0.6071512506286139,-0.7968134995435254,0.9726212793457822
334,-0.33883314107107965,-0.22040678303696382,1.3367669717740387
335,0.8932597703665592,0.6198288495167301,0.2787478768105955
336,0.01214369907744639,-0.2924964103142551,0.9069228899047524
337,-0.1931682834091386,0.7530356058948899,0.6880496070784956
338,-0.9458769232462783,0.9176647878390725,1.1093433463495346
339,0.2435473788667022,0.6774568445740188,0.495347790960002
340,-0.30530298648534226,-0.7699092336873417,0.7501686420723275
341,-0.44640154439080404,0.12482332872152102,1.5385196394128184
342,-0.8718904521342015,-0.7831239796822946,1.295125089351956
343,-0.3312189621686381,0.7517368459834008,0.791449405945733
344,-0.8645801150700143,-0.29998437363983155,2.1697012616695113
345,-0.9923515034740429,0.7954301712685206,1.4328168703814221
346,-0.9180643931710286,-0.7516452158246798,1.4234647474062683
347,-0.3020902687540792,0.27572365703683754,1.2536593238173568
348,-0.8160913783271799,0.7450503008438014,1.298216536476322
349,0.0406314529176961,-0.9978688707437564,0.3547387286451867
350,-0.5685003732355998,-0.3905603002441145,1.5158298201917397
351,0.9833330902118467,-0.9423506577092875,0.15391452666637184
352,-0.4656256778971024,0.09945900608921354,1.5773300628256774
353,0.3603361050826446,-0.6496172298665548,0.4573352124934613
354,0.05249223833664285,0.18005105750721206,0.918594383186339
355,-0.12015386053906729,-0.9897587741674632,0.4233870228952883
356,0.32311049145227444,-0.43595445297109836,0.5985969513654597
357,-0.7304296507926882,0.5195958386162827,1.5847866859659046
358,0.5756980098181042,0.7438900275572116,0.3233336932797256
359,-0.7240445979752317,0.01084245963370667,2.062516912193188
360,0.26584659545902545,-0.032510661335384716,0.7657469329551432
361,-0.5726692845989301,-0.9044835686514285,0.7823749001500058
362,-0.953249370533549,0.5016098363948336,2.017051804473193
363,0.25386794656195133,0.6626686300489717,0.5000747659628986
364,0.2843274531404054,0.7320676918703533,0.44032131438200506
365,0.2842066735644242,0.6535639594282123,0.4909796870430088
366,0.7292417993484313,-0.0008395312786815268,0.48227417243946963
367,-0.32559719306712664,-0.9824679433234793,0.5274790834787124
368,-0.1780832265037764,-0.3176118441866036,1.080264526334201
369,0.2206373675501596,0.48024571091473245,0.636816769743724
370,0.8816863814774825,0.8215762799517992,0.2108361546799506
371,-0.6958454604149018,-0.41208391450430426,1.69220482330729
372,-0.6318839879803653,-0.626585419650727,1.2703274474326152
373,-0.6911234236079988,0.7684339198939114,1.105870418969924
374,0.4256486516996445,-0.23186441478208963,0.6191487312262071
375,0.8559663226924972,0.23381236195359545,0.4022688860063584
376,-0.15462564003665435,0.19395123433445138,1.1241290507740362
377,0.09035452729806459,-0.3533987742126514,0.8063436835969541
378,-0.3552220693561319,0.2800731524007143,1.3188776353527276
379,-0.6785906335309937,-0.10281876891890329,1.9503696803785278
380,0.4063040491830934,0.39691992266858533,0.5690144360895062
381,0.4604968128340112,-0.6761245634724162,0.3994601620930454
382,0.9208090752178282,-0.6092837823280863,0.2747109561486475
383,-0.25901885846623385,-0.034415994006190775,1.2941244910448855
384,0.43339678363659906,0.00012531709198526642,0.6483031944803274
385,0.9721224356490814,0.5361886667979701,0.28376163062162324
386,-0.7784648826472251,-0.6142797265073145,1.493504393249167
387,0.5164570978179539,0.9843387118757183,0.22641633198429262
388,-0.6848917573292757,-0.34940081852899896,1.7556002572105158
389,0.6328705108166797,0.6920009369358329,0.3289874063447647
390,0.10821309245490673,0.6362842257855872,0.5986544601870891
391,0.16342044171882542,0.8131439552958686,0.43840000420657793
392,0.8722911664016579,0.47889187393603283,0.3323294132736835
393,-0.13130448979688292,-0.36667882822155895,0.9968560792327491
394,-0.02174562726388385,-0.9448837842182547,0.4185078053647407
395,0.33226093361153275,0.1260772868109321,0.7059884397878418
396,0.26030800216408245,0.9133473952949329,0.3347030806293709
397,-0.7395904986936865,-0.6879829549490506,1.3050873225836914
398,-0.29231205753552647,0.5154693702115261,1.026960415009742
399,0.27024676927224767,-0.9173141762639183,0.3289952166938256
400,0.8379117220169177,-0.610902701160972,0.2978653225739383
401,-0.817466558886214,0.040512534652629384,2.2610409247561627
402,-0.8578357500199381,-0.07020447361153925,2.34645829286432
403,-0.1725767277278898,0.5790193350063271,0.8498574388337675
404,-0.5687176614273286,-0.7438830799104883,1.015474128245068
405,0.03939726309941727,0.7848306554122959,0.5192569556348323
406,0.1170280442571694,-0.6472158085774282,0.5851328595876512
407,-0.05259967215393879,-0.1302386085458167,1.0362802066413581
408,-0.5682557566814628,-0.7012932544340975,1.0794412303748027
409,-0.521122229400776,0.37752914788576697,1.460230020936513
410,-0.5665234945570174,0.6280072015615743,1.1878327751137303
411,0.31138075626803796,-0.6149006756630502,0.5018351512427025
412,0.6927869008804513,0.1562779765396738,0.4881123340802992
413,0.8609287866320023,0.4417331458274818,0.3478245966969902
414,0.6006110342591222,-0.04973502631911719,0.5471213760578867
415,0.36145169046051406,-0.4760977158138706,0.5553699973502424
416,-0.5854860836351574,0.4682588651361601,1.4422721022203684
417,0.483319449947474,-0.3015860951571263,0.5631137533122003
418,0.39380917139160543,0.3429288516651994,0.5996498552495381
419,-0.23648105148321963,-0.8898832916319681,0.573836239019879
420,0.7002382492828483,0.7940909697114757,0.2642608177633239
421,0.05622236221925547,0.043290305434719345,0.9435589719228954
422,0.7860181379753559,-0.449553899114602,0.37227708635458456
423,0.6411187497905955,0.6870013939712578,0.3285423056229725
424,-0.5428427611994171,-0.11505293572239461,1.698262353271331
425,0.6412479385027359,0.3384997757135566,0.46962065055398705
426,-0.7228771497267323,0.9852933958657895,0.7804177496375333
427,-0.035065009651623624,0.7053380946252512,0.6297471948928501
428,-0.7023788871548087,0.8670962312369279,0.9517270599122057
429,-0.10341189013639007,0.7242557852388221,0.6563017885426305
430,0.3319129448077516,-0.8659011802156142,0.33901944996939815
431,0.5780648503656227,-0.41636999708916056,0.47169210562423364
432,0.32404151618446897,-0.6073416541605954,0.5001209043639833
433,0.42302485772010145,-0.17797871452626834,0.6346375182095072
434,0.775847324262213,-0.16163402589891307,0.4484433647055854
435,-0.7166494175056726,0.916535137925687,0.8839213052241351
436,-0.7048597528972749,0.8481640936680384,0.9855823670960655
437,-0.34813831410013774,0.9673381466502136,0.5556566142113337
438,-0.9362523409026511,-0.23733532204779428,2.4107171740117033
439,0.37552578923266555,0.9281746734940377,0.2902438016775029
440,0.5294600904802838,0.18063022276737306,0.5700179839525701
441,-0.2999811626505162,0.002131375297141247,1.3498272480973406
442,0.23201522133621366,-0.43580589399190917,0.6557720740056262
443,0.9169997176348854,-0.675267786447519,0.2533492516081445
444,-0.41789476677327886,-0.10242496420655467,1.502910999047944
445,0.37335692500816253,-0.3054054662682275,0.6271124402814028
446,-0.9155435394360838,0.04771130831548831,2.492452512447698
447,-0.8749927365595067,0.08765943777253593,2.380495262515659
448,0.6287973914027287,-0.9784216315124312,0.20472118875443837
449,-0.12676327514944785,-0.4068877400045976,0.9619485059990722
450,-0.21586313590381145,-0.6634386518671851,0.7990851973803084
451,-0.3387046406733909,0.9170166380557427,0.6051887574675925
452,-0.08468234316884793,-0.5271365508199886,0.8243248428156771
453,0.6707043045491563,0.6653106465220053,0.32845922915390885
454,-0.0664622476009964,0.4155104725678149,0.8992567364813209
455,-0.1574280244550159,0.12131772461960999,1.1533953079194756
456,0.14170310587704615,0.4022360239202811,0.7382321593278534
457,0.47811191338666026,-0.5759914796232652,0.4449122986229399
458,-0.8898331828118522,0.38207924266520354,2.104017547981844
459,0.2483612981436829,0.2432116048151316,0.7352731744802691
460,0.24212065538843452,0.43489861708941513,0.6496916179891074
461,-0.9977789363616694,-0.6946054622783009,1.6741443319188272
462,0.20578701280322065,-0.8114932528892409,0.4213428895578716
463,-0.9196291758019768,0.9023689006713933,1.1111100302730275
464,0.17150073356536666,-0.1921039944118088,0.8118784206987634
465,-0.1032411506734281,0.286849512327936,1.021179679920819
466,-0.2925394647621613,0.9209831242169002,0.5736875032543378
467,0.8670504687484673,0.6746348564991786,0.26655287272111666
468,-0.4654881364833181,-0.7387325246896057,0.9228970339515028
469,-0.4374012390722879,0.0019487199402510313,1.5486714611645453
470,0.009811927291307976,-0.6365553010009166,0.6603306539887386
471,0.2936122373510335,-0.8992464632129762,0.33212082719113384
472,0.9411468580473232,0.7901351416132967,0.20899177119616494
473,-0.9282490412102371,-0.4679260916092951,2.032556202576111
474,-0.1536002677138082,-0.8924728310047134,0.5257615550770756
475,0.17662417733999836,-0.0013063986163643904,0.8380932699666317
476,0.4634045651109666,0.560222246105565,0.4596667400820648
477,-0.6489778541642952,0.11389595784449558,1.8889206191472518
478,0.02107756921863979,-0.7298930022218861,0.5747492823835347
479,0.0005691916788137519,-0.22284652440352226,0.9510108902669162
480,0.7855352639555262,-0.4846536798957217,0.360441916905507
481,-0.23463458498889267,0.05464920841161813,1.2606759545878152
482,0.3257276736059411,0.8053416775031559,0.37745538937034123
483,-0.9063768805958994,0.7062275150922634,1.5032351879268238
484,0.5024465677633512,0.6736465290969038,0.38433288499090185
485,-0.262429415328469,-0.5682429853515674,0.9413213727944002
486,0.8960572731239489,-0.7329003577917703,0.23854430813245509
487,-0.30554956365156816,-0.7595159576557962,0.7623763662407176
488,0.3677863976939153,0.749248762499414,0.394885232946663
489,0.6492697634905917,-0.8399431887480209,0.2580055135823126
490,-0.02749401152761588,-0.22117209249440783,0.978804761328273
491,0.9683517426529846,-0.6363625508881185,0.2532674994267933
492,0.20762807632651015,-0.17769340856416216,0.7872550346588244
493,0.5192496639704012,0.6667664571141758,0.38143028951647484
494,0.36903339073250363,0.9568963167837337,0.2767380323673633
495,0.8648324543642743,-0.9915012893411657,0.15756656719826295
496,0.8995709430570216,0.11971283962842261,0.4009565919529241
497,0.980222256105941,0.5035596241715459,0.29118556017456154
498,-0.7476892338259415,-0.21991037166714555,2.0124012529691955
499,0.9532012345038376,-0.38278960010858,0.3329612665428559
